{
  "oauth": {
    "client_id": "905682575538-km9485p7ria6e3u1hddcpjvd1q4ojm6n.apps.googleusercontent.com",
    "client_secret": "21lv5m2fMQx1scX3SRgJj2C1",
    "redirect_uris": [
      "http://localhost"
    ]
  },
  "gmail": {
    "token": {
      "access_token": "ya29.GlvmBuSS6fCLh8MhnliuFB-FaJgef-6HtexBls4_gB39RoPaa2MnFOyX-cR17_VJM0o9qFn_c8VrZWZbIPsf0XRiFb-GAZzpWSC3U-V51OxZAqiy0u1a6e66Gx5W",
      "refresh_token": "1/SOM_sR3EzrF_b07I9HmbBo_pUfEuwZIKCyx2-g2ppEE",
      "scope": "https://www.googleapis.com/auth/gmail.send",
      "token_type": "Bearer",
      "expiry_date": 1554775748955
    }
  }
}
